{
  "accuracy": 0.9750000238418579,
  "loss": 0.08755434304475784,
  "confusion_matrix": [
    [
      20,
      0,
      0,
      0
    ],
    [
      0,
      18,
      2,
      0
    ],
    [
      0,
      0,
      20,
      0
    ],
    [
      0,
      0,
      0,
      20
    ]
  ],
  "classification_report": "              precision    recall  f1-score   support\n\n      normal       1.00      1.00      1.00        20\n  arrhythmia       1.00      0.90      0.95        20\n        afib       0.91      1.00      0.95        20\nheart_attack       1.00      1.00      1.00        20\n\n    accuracy                           0.97        80\n   macro avg       0.98      0.97      0.97        80\nweighted avg       0.98      0.97      0.97        80\n"
}