{"accuracy": [0.40625, 0.625, 0.7906249761581421, 0.846875011920929, 0.859375, 0.9156249761581421, 0.925000011920929, 0.9156249761581421, 0.9375, 0.9624999761581421, 0.934374988079071, 0.9468749761581421, 0.953125, 0.953125, 0.9593750238418579, 0.9624999761581421, 0.953125, 0.9750000238418579, 0.949999988079071, 0.965624988079071, 0.965624988079071, 0.934374988079071, 0.9624999761581421, 0.9624999761581421, 0.965624988079071, 0.9781249761581421, 0.981249988079071, 0.965624988079071, 0.965624988079071, 0.9624999761581421, 0.96875, 0.984375, 0.9781249761581421, 0.965624988079071, 0.981249988079071, 0.9937499761581421, 0.9906250238418579, 0.96875, 0.971875011920929, 0.984375, 0.9750000238418579, 0.971875011920929, 0.971875011920929, 0.9750000238418579, 0.9906250238418579, 0.9781249761581421, 0.971875011920929, 0.9906250238418579], "val_accuracy": [0.4625000059604645, 0.737500011920929, 0.875, 0.925000011920929, 0.949999988079071, 0.9624999761581421, 0.9750000238418579, 0.9750000238418579, 0.987500011920929, 0.9750000238418579, 0.9750000238418579, 0.9750000238418579, 0.9750000238418579, 0.9750000238418579, 0.9750000238418579, 0.9750000238418579, 0.9750000238418579, 0.9750000238418579, 0.9750000238418579, 0.9750000238418579, 0.9750000238418579, 0.9750000238418579, 0.9750000238418579, 0.9750000238418579, 0.9750000238418579, 0.9750000238418579, 0.9750000238418579, 0.9750000238418579, 0.9750000238418579, 0.9750000238418579, 0.9750000238418579, 0.9750000238418579, 0.9750000238418579, 0.9750000238418579, 0.9750000238418579, 0.9750000238418579, 0.9750000238418579, 0.9750000238418579, 0.9750000238418579, 0.9750000238418579, 0.9750000238418579, 0.9750000238418579, 0.9750000238418579, 0.9750000238418579, 0.9750000238418579, 0.9750000238418579, 0.9750000238418579, 0.9750000238418579], "loss": [1.437585473060608, 0.8846535682678223, 0.6053892374038696, 0.4622488021850586, 0.40741100907325745, 0.28131014108657837, 0.2822163999080658, 0.2645975351333618, 0.22811169922351837, 0.18125076591968536, 0.21562273800373077, 0.19505584239959717, 0.142958864569664, 0.16115355491638184, 0.15602470934391022, 0.13404354453086853, 0.13955043256282806, 0.10823724418878555, 0.1494942158460617, 0.11837981641292572, 0.11540307849645615, 0.18077337741851807, 0.1263493299484253, 0.10468963533639908, 0.09460587799549103, 0.10300268232822418, 0.09206318110227585, 0.09744081646203995, 0.10991869121789932, 0.10870981216430664, 0.11121398210525513, 0.07010278105735779, 0.07687702029943466, 0.08757542073726654, 0.07613498717546463, 0.057334054261446, 0.0654226690530777, 0.09605744481086731, 0.09055913984775543, 0.07653239369392395, 0.08360330015420914, 0.0751282274723053, 0.07026863098144531, 0.06705324351787567, 0.05538047477602959, 0.07375266402959824, 0.07965647429227829, 0.04984971135854721], "val_loss": [1.2090924978256226, 1.027557134628296, 0.8800301551818848, 0.7642840147018433, 0.6707409620285034, 0.5949186086654663, 0.5303605794906616, 0.47386637330055237, 0.4243025779724121, 0.3786211609840393, 0.3403990864753723, 0.30512744188308716, 0.27297243475914, 0.2456628829240799, 0.2198517620563507, 0.19825619459152222, 0.1797557771205902, 0.16311043500900269, 0.14873459935188293, 0.13668742775917053, 0.13018342852592468, 0.12303248792886734, 0.1124449223279953, 0.10542941093444824, 0.09858567267656326, 0.09712794423103333, 0.09353969991207123, 0.09169790893793106, 0.0927947387099266, 0.09434591233730316, 0.09721595048904419, 0.09505806863307953, 0.093211330473423, 0.09287826716899872, 0.09322244673967361, 0.09258902817964554, 0.08845938742160797, 0.08755434304475784, 0.09683559834957123, 0.098817840218544, 0.09736216068267822, 0.09190528094768524, 0.09319501370191574, 0.09550946950912476, 0.10167737305164337, 0.10132571309804916, 0.10022227466106415, 0.09965993463993073]}